{"KAN Conv & 1 Layer MLP": 71.55618787898857, "KAN Conv & 2 Layer MLP": 70.70841383399966, "KAN Conv BN & 2 Layer MLP": 69.08223725699645, "KKAN (Small)": 69.59843214499415, "Conv & KAN": 14.12061655499565, "CNN (Big)": 14.072781932001817, "CNN (Small)": 13.454329767992022, "CNN (Medium)": 13.636488812000607, "1 Layer MLP": 13.335951567001757, "New CNN (Medium)": 13.143068488992867, "KKAN (Ultra Small)": 52.48337392299436, "Conv & KAN (Medium)": 13.891033176987548}