{"KAN Conv & 1 Layer MLP": 70878.98545653616, "KAN Conv & 2 Layer MLP": 84992.57265350057, "KAN Conv BN & 2 Layer MLP": 87549.56759000251, "KKAN (Small)": 79904.17066313165, "Conv & KAN": 51478.98444581933, "CNN (Big)": 13828907.528045313, "CNN (Small)": 39770.09700423431, "CNN (Medium)": 146012.65966997013, "1 Layer MLP": 3527.3073513850295, "New CNN (Medium)": 83269.36749333362, "KKAN (Ultra Small)": 77318.48577330336, "Conv & KAN (Medium)": 114015.27732463926}