{"KAN Conv & 1 Layer MLP": 69.12057087699941, "KAN Conv & 2 Layer MLP": 68.29463189799935, "KAN Conv BN & 2 Layer MLP": 67.33130689699829, "KKAN (Small)": 67.68073390299833, "Conv & KAN": 13.99457515999893, "CNN (Big)": 13.542111945997021, "CNN (Small)": 12.842169316001673, "CNN (Medium)": 13.017962919999263, "1 Layer MLP": 12.485569796001073, "New CNN (Medium)": 12.839395197002887, "KKAN (Ultra Small)": 50.83231466000143, "Conv & KAN (Medium)": 13.812574316998507}