{"KAN Conv & 1 Layer MLP": 73376.56410600776, "KAN Conv & 2 Layer MLP": 87996.52085358191, "KAN Conv BN & 2 Layer MLP": 89826.26773088274, "KKAN (Small)": 82168.21360079301, "Conv & KAN": 51942.62717440402, "CNN (Big)": 14370816.071825936, "CNN (Small)": 41665.857756078374, "CNN (Medium)": 152950.19752599762, "1 Layer MLP": 3767.5493204215763, "New CNN (Medium)": 85238.82809179909, "KKAN (Ultra Small)": 79829.82925609483, "Conv & KAN (Medium)": 114662.912477575}